City_ID,City,Lat,Lng,Max Temp,Humidity,Cloudiness,Wind Speed,Country,Date
0,greenville,35.6127,-77.3663,11.42,88,0,7.2,US,1704868852
1,grytviken,-54.2811,-36.5092,4.71,92,77,1.7,GS,1704868853
2,adamstown,-25.066,-130.1015,24.22,87,100,2.87,PN,1704868853
3,ilulissat,69.2167,-51.1,6.01,49,75,5.66,GL,1704868854
4,port mathurin,-19.6833,63.4167,31.05,79,40,5.66,MU,1704868814
5,kayangel,8.0823,134.7173,28.63,73,28,6.3,PW,1704868855
6,badger,64.8,-147.5333,-20.81,83,40,2.57,US,1704868856
7,olonkinbyen,70.9221,-8.7187,-5.09,91,100,6.46,SJ,1704868856
8,port elizabeth,-33.918,25.5701,21.44,89,75,6.69,ZA,1704868857
9,puerto natales,-51.7236,-72.4875,6.77,95,100,2.2,CL,1704868858
10,puerto ayora,-0.7393,-90.3518,24.75,93,35,3.13,EC,1704868859
11,touros,-5.1989,-35.4608,26.18,74,6,4.82,BR,1704868860
12,nova sintra,14.8667,-24.7167,20.34,69,0,5.27,CV,1704868860
13,northam,51.0333,-4.2167,2.54,79,2,9.11,GB,1704868861
14,aasiaat,68.7098,-52.8699,-0.01,69,59,9.3,GL,1704868862
15,ad dilam,23.9915,47.1627,16.23,36,6,5.67,SA,1704868863
16,ban houayxay,20.2453,100.4547,30.74,40,0,1.71,LA,1704868864
17,metahara,8.9,39.9167,22.12,44,49,3.06,ET,1704868864
18,iqaluit,63.7506,-68.5145,-25.17,69,20,6.71,CA,1704868865
19,west island,-12.1568,96.8225,29.99,79,75,7.72,CC,1704868865
20,port-aux-francais,-49.35,70.2167,4.73,70,5,3.55,TF,1704868866
21,trincomalee,8.5711,81.2335,27.25,80,100,7.48,LK,1704868867
22,bilibino,68.0546,166.4372,-30.23,99,100,1.07,RU,1704868867
23,ushuaia,-54.8,-68.3,3.81,75,75,9.26,AR,1704868868
24,newman,37.3138,-121.0208,8.01,85,0,1.37,US,1704868869
25,juneau,58.3019,-134.4197,-6.61,100,7,3.41,US,1704868799
26,wailua homesteads,22.0669,-159.378,18.31,82,20,4.12,US,1704868870
27,albany,42.6001,-73.9662,9.34,94,100,4.47,US,1704868871
28,danilov,58.1908,40.1717,-17.86,97,88,1.93,RU,1704868871
29,saldanha,-33.0117,17.9442,22.03,78,0,8.28,ZA,1704868872
30,lerwick,60.1545,-1.1494,6.0,67,100,6.11,GB,1704868873
31,georgetown,5.4112,100.3354,32.97,55,20,5.14,MY,1704868699
32,ta`u,-14.2336,-169.5144,29.14,68,100,2.09,AS,1704868874
33,kasongo,-4.45,26.6667,20.39,98,100,2.58,CD,1704868875
34,jamestown,42.097,-79.2353,5.01,92,100,7.2,US,1704868876
35,taoudenni,22.6783,-3.9836,19.19,15,100,3.36,ML,1704868876
36,bredasdorp,-34.5322,20.0403,19.27,76,100,4.31,ZA,1704868877
37,saint-pierre,-21.3393,55.4781,28.82,61,0,10.8,RE,1704868878
38,gummi,12.1436,5.1081,20.12,13,3,3.77,NG,1704868879
39,waitangi,-43.9535,-176.5597,13.23,73,71,1.34,NZ,1704868879
40,chulakkurgan,43.765,69.1814,8.81,47,75,20.36,KZ,1704868880
41,margaret river,-33.95,115.0667,23.76,49,1,7.75,AU,1704868881
42,aykhal,66.0,111.5,-27.07,99,100,1.91,RU,1704868882
43,hotan,37.0997,79.9269,4.2,26,64,0.17,CN,1704868882
44,hithadhoo,-0.6,73.0833,28.55,70,100,3.87,MV,1704868883
45,tolanaro,-25.0319,46.9987,28.04,69,20,9.77,MG,1704868884
46,pulaski,34.7668,-92.3001,1.31,74,20,4.47,US,1704868885
47,saipan,15.1355,145.701,29.39,65,40,6.69,MP,1704868886
48,yuzhno-kurilsk,44.0306,145.8556,-4.24,86,99,13.0,RU,1704868886
49,xining,36.6167,101.7667,2.05,17,5,1.18,CN,1704868615
50,lisala,2.15,21.5167,27.63,33,18,0.46,CD,1704868888
51,gadzhiyevo,69.2551,33.3362,-10.6,95,100,2.49,RU,1704868888
52,cedar city,37.6775,-113.0619,-5.46,58,0,4.63,US,1704868665
53,mata-utu,-13.2816,-176.1745,29.37,70,100,1.67,WF,1704868890
54,arraial do cabo,-22.9661,-42.0278,25.03,89,100,2.44,BR,1704868778
55,alice springs,-23.7,133.8833,38.45,11,10,2.24,AU,1704868892
56,yellowknife,62.456,-114.3525,-38.21,74,0,3.09,CA,1704868893
57,port lincoln,-34.7333,135.8667,21.08,58,0,5.15,AU,1704868894
58,flying fish cove,-10.4217,105.6791,28.82,83,75,4.12,CX,1704868895
59,blackmans bay,-43.0167,147.3167,24.18,43,15,5.68,AU,1704868896
60,saint-francois,46.4154,3.9054,-1.33,93,100,2.57,FR,1704868896
61,jaisalmer,26.9147,70.9181,19.39,24,0,4.23,IN,1704868897
62,balod,20.73,81.2047,30.36,25,27,1.82,IN,1704868898
63,yershov,51.3513,48.2766,-13.0,95,100,2.38,RU,1704868898
64,puerto ayacucho,5.6639,-67.6236,24.98,67,68,1.63,VE,1704868899
65,bethel,41.3712,-73.414,11.44,86,100,1.34,US,1704868900
66,sitka,57.0531,-135.33,-1.06,80,0,0.0,US,1704868901
67,ribeira grande,38.5167,-28.7,13.21,94,100,0.89,PT,1704868901
68,kavaratti,10.5669,72.642,28.32,71,99,2.58,IN,1704868902
69,edinburgh of the seven seas,-37.0676,-12.3116,17.12,94,100,7.99,SH,1704868902
70,banlung,13.7468,107.0045,33.15,35,100,1.23,KH,1704868903
71,taguatinga,-12.3857,-46.5711,24.23,66,100,0.94,BR,1704868904
72,vilyuchinsk,52.9306,158.4028,-12.85,73,5,3.13,RU,1704868904
73,nizhniy kuranakh,58.8353,125.4869,-22.65,98,100,0.34,RU,1704868905
74,konstantinovka,49.6167,127.9833,-18.65,95,91,3.0,RU,1704868906
75,aginskoye,51.1,114.53,-10.06,94,100,2.05,RU,1704868906
76,tiksi,71.6872,128.8694,-32.61,96,100,5.88,RU,1704868907
77,east london,-33.0153,27.9116,24.52,83,40,5.14,ZA,1704868908
78,utrik,11.2278,169.8474,26.72,83,9,10.13,MH,1704868908
79,lithgow,-33.4833,150.15,22.58,57,15,2.26,AU,1704868909
80,colonia,50.9333,6.95,-6.3,70,0,1.03,DE,1704868910
81,mamuju,-2.6748,118.8885,29.35,73,49,3.47,ID,1704868911
82,barra do bugres,-15.0725,-57.1811,23.02,97,100,1.91,BR,1704868698
83,deschutes river woods,43.9915,-121.3584,-2.75,86,100,6.17,US,1704868912
84,cabinda,-5.55,12.2,26.73,78,100,2.26,AO,1704868913
85,notodden,59.5594,9.2585,-16.08,78,0,1.03,NO,1704868914
86,suizhou,31.7111,113.3631,10.29,38,99,1.24,CN,1704868914
87,iskateley,67.6803,53.1512,-23.88,100,100,0.45,RU,1704868915
88,mejit,10.2753,170.8646,26.88,80,41,9.98,MH,1704868915
89,al bawiti,28.3492,28.8659,11.86,39,0,4.44,EG,1704868916
90,whitehorse,60.7161,-135.0538,-13.57,85,100,5.14,CA,1704868806
91,ulaangom,49.9811,92.0667,-15.83,91,90,0.85,MN,1704868917
92,bayanhongor,46.7167,100.1167,-13.28,86,7,0.4,MN,1704868918
93,enewetak,11.3474,162.3373,27.0,83,2,10.71,MH,1704868919
94,ust-nera,64.5667,143.2,-44.71,97,90,1.32,RU,1704868919
95,kasongo-lunda,-6.4667,16.8167,23.16,90,100,0.34,CD,1704868920
96,tayzhina,53.6679,87.4362,-14.06,82,100,2.37,RU,1704868921
97,udachny,66.4167,112.4,-28.09,93,99,1.85,RU,1704868921
98,orkney,-26.9802,26.6727,20.8,77,83,2.49,ZA,1704868922
99,hawaiian paradise park,19.5933,-154.9731,21.19,98,40,2.06,US,1704868923
100,punta arenas,-53.15,-70.9167,2.06,80,20,3.6,CL,1704868923
101,el granada,37.5027,-122.4694,8.81,73,20,6.17,US,1704868924
102,longyearbyen,78.2186,15.6401,-15.09,66,75,9.77,SJ,1704868925
103,bilgoraj,50.5411,22.722,-7.24,70,1,2.08,PL,1704868926
104,noumea,-22.2763,166.4572,29.44,99,94,1.98,NC,1704868508
105,isafjordur,66.0755,-23.124,5.08,80,74,7.64,IS,1704868927
106,avila,40.5833,-5.0,4.25,91,100,2.81,ES,1704868928
107,n'zeto,-7.2312,12.8666,26.59,72,96,0.96,AO,1704868928
108,san julian,21.0167,-102.1667,11.4,44,100,2.96,MX,1704868929
109,hermanus,-34.4187,19.2345,19.22,79,100,6.03,ZA,1704868930
110,port douglas,-16.4833,145.4667,28.23,79,100,2.6,AU,1704868930
111,keflavik,64.0049,-22.5624,7.24,81,75,9.77,IS,1704868931
112,gaspe,48.8334,-64.4819,-13.88,78,20,1.03,CA,1704868676
113,kirkwall,58.9848,-2.9587,6.03,75,75,4.12,GB,1704868932
114,stanley,54.868,-1.6985,2.29,92,75,1.54,GB,1704868933
115,gemena,3.25,19.7667,27.82,27,100,0.94,CD,1704868934
116,nuuk,64.1835,-51.7216,0.34,74,40,1.03,GL,1704868800
117,college,64.8569,-147.8028,-21.58,78,75,2.57,US,1704868935
118,usogorsk,63.4106,48.6872,-17.41,96,100,3.0,RU,1704868936
119,vorgashor,67.5833,63.95,-30.72,100,94,0.96,RU,1704868936
120,tazovsky,67.4667,78.7,-33.0,99,23,3.06,RU,1704868782
121,la campana,37.5689,-5.4267,8.61,89,97,0.54,ES,1704868938
122,shenjiamen,29.9576,122.298,7.71,61,81,9.38,CN,1704868939
123,valdivia,-39.8142,-73.2459,11.05,96,2,1.49,CL,1704868939
124,santa elena de uairen,4.6167,-61.1333,19.67,85,68,1.67,VE,1704868940
125,palencia,42.4167,-4.5,1.99,91,100,2.63,ES,1704868941
126,ustka,54.5805,16.8619,0.38,91,39,5.03,PL,1704868941
127,i-n-salah,27.1935,2.4607,12.93,18,100,4.39,DZ,1704868942
128,igarka,67.4667,86.5833,-27.58,98,58,3.57,RU,1704868943
129,hammerfest,70.6634,23.6821,0.25,100,100,2.06,NO,1704868943
130,huancavelica,-12.7667,-74.9833,4.66,85,100,0.98,PE,1704868662
131,invercargill,-46.4,168.35,23.9,48,100,7.6,NZ,1704868945
132,nouadhibou,20.931,-17.0347,16.99,77,0,4.12,MR,1704868946
133,anadyr,64.75,177.4833,-27.78,82,100,2.0,RU,1704868947
134,hilo,19.7297,-155.09,21.86,99,40,2.06,US,1704868772
135,st. john's,47.5649,-52.7093,-7.48,78,75,9.26,CA,1704868778
136,mount pearl,47.5166,-52.7813,-7.99,78,75,9.26,CA,1704868948
137,black point,-34.6187,137.8972,23.05,57,3,6.0,AU,1704868949
138,bogor,-6.5944,106.7892,32.5,70,68,1.08,ID,1704868686
139,qaqortoq,60.7167,-46.0333,-3.12,81,98,3.63,GL,1704868950
140,trevelin,-43.0858,-71.4639,4.0,80,0,1.92,AR,1704868951
141,ghanzi,-21.5667,21.7833,20.73,82,100,6.99,BW,1704868952
142,uturoa,-16.7333,-151.4333,27.81,76,66,3.64,PF,1704868952
143,fort st. john,56.2499,-120.8529,-26.06,76,100,5.66,CA,1704868953
144,viedma,-40.8135,-62.9967,15.16,66,0,4.06,AR,1704868954
145,mana,5.6592,-53.7767,25.03,90,98,3.59,GF,1704868954
146,daru,-9.0763,143.2092,29.49,72,55,3.91,PG,1704868955
147,pimentel,-6.8367,-79.9342,23.16,88,75,4.12,PE,1704868955
148,kabinda,-6.1333,24.4833,22.49,82,100,0.52,CD,1704868956
149,salinopolis,-0.6136,-47.3561,26.08,84,45,4.2,BR,1704868957
150,kingston,17.997,-76.7936,25.93,80,40,4.12,JM,1704868958
151,papao,-17.75,-149.55,26.82,76,74,4.44,PF,1704868959
152,lapai,9.05,6.5667,24.52,16,3,0.5,NG,1704868959
153,la passe,45.5549,-0.8967,-2.21,70,100,3.05,FR,1704868960
154,saint-philippe,-21.3585,55.7679,28.77,76,100,5.24,RE,1704868961
155,korla,41.7597,86.1469,-1.2,59,6,2.08,CN,1704868961
156,kavieng,-2.5744,150.7967,29.18,70,95,1.14,PG,1704868962
157,petropavlovsk-kamchatsky,53.0452,158.6483,-13.67,43,0,3.0,RU,1704868962
158,turtas,58.9417,69.1325,-16.83,95,100,2.23,RU,1704868963
159,kodiak,57.79,-152.4072,-0.27,47,0,5.14,US,1704868964
160,tarija,-21.5355,-64.7296,20.19,77,27,1.6,BO,1704868964
161,greenland,43.0362,-70.8328,5.89,92,100,4.02,US,1704868965
162,fortuna,40.5982,-124.1573,6.51,96,100,4.63,US,1704868966
163,papatowai,-46.5619,169.4708,17.62,72,100,3.38,NZ,1704868966
164,mendota,36.7536,-120.3816,9.15,67,57,2.17,US,1704868967
165,loango,-4.6719,11.8312,26.75,80,100,2.22,CG,1704868968
166,klaksvik,62.2266,-6.589,4.51,73,3,1.62,FO,1704868968
167,kone,-21.0595,164.8658,27.02,75,91,1.7,NC,1704868969
168,sao jose da coroa grande,-8.8978,-35.1478,25.7,83,44,3.02,BR,1704868969
169,praia da vitoria,38.7333,-27.0667,17.14,94,75,10.31,PT,1704868970
170,port saint john's,-31.6229,29.5448,24.19,84,100,2.05,ZA,1704868971
171,smithers,54.7804,-127.1743,-12.82,92,0,0.0,CA,1704868971
172,brak,27.5496,14.2714,9.36,33,100,2.67,LY,1704868972
173,malango,-2.9627,119.9001,25.49,88,97,0.78,ID,1704868973
174,porbandar,21.6422,69.6093,24.99,50,0,4.12,IN,1704868973
175,luanda,-8.8368,13.2343,25.0,81,20,3.09,AO,1704868974
176,padang,-0.9492,100.3543,29.03,87,100,1.72,ID,1704868975
177,west bay,19.3667,-81.4167,26.86,83,20,3.6,KY,1704868976
178,broome,42.2506,-75.833,7.17,97,100,3.6,US,1704868976
179,paoua,7.2427,16.4406,24.03,16,1,2.04,CF,1704868977
180,mogadishu,2.0371,45.3438,26.93,78,40,7.72,SO,1704868978
181,haiku-pauwela,20.9219,-156.3051,22.2,86,100,8.75,US,1704868978
182,thompson,55.7435,-97.8558,-25.91,76,100,2.57,CA,1704868979
183,crane,31.3974,-102.3501,5.39,22,16,3.79,US,1704868980
184,helena valley southeast,46.6153,-111.9216,0.95,56,100,11.32,US,1704868981
185,zakynthos,37.7914,20.8953,9.16,57,20,4.63,GR,1704868981
186,hamilton,39.1834,-84.5333,1.83,89,100,8.75,US,1704868958
187,bel ombre,-4.6167,55.4167,29.91,74,40,7.2,SC,1704868982
188,carauari,-4.8828,-66.8958,23.06,99,100,1.05,BR,1704868983
189,bahia de caraquez,-0.6,-80.4167,25.1,88,100,2.31,EC,1704868984
190,tralee,52.2704,-9.7026,-3.86,93,0,1.54,IE,1704868984
191,gamboru,12.3707,14.2173,21.6,39,0,3.21,NG,1704868985
192,ancud,-41.8697,-73.8203,7.9,81,0,2.78,CL,1704868986
193,howrah,22.5892,88.3103,23.0,53,0,2.06,IN,1704868986
194,lata,40.1629,-8.3327,10.51,93,99,0.98,PT,1704868987
195,avarua,-21.2078,-159.775,26.03,83,40,6.17,CK,1704868988
196,basoko,1.2391,23.616,28.35,50,94,0.39,CD,1704868989
197,hobyo,5.3505,48.5268,27.11,65,40,10.7,SO,1704868990
198,carnarvon,-24.8667,113.6333,26.9,68,39,9.74,AU,1704868990
199,sao joao da barra,-21.6403,-41.0511,25.13,78,100,2.38,BR,1704868991
200,nar'yan-mar,67.6713,53.087,-23.83,100,100,0.45,RU,1704868992
201,moranbah,-22.0016,148.0466,31.1,48,100,7.81,AU,1704868993
202,kaka,37.3482,59.6143,12.68,36,100,8.88,TM,1704868993
203,ola,59.5833,151.2833,-20.81,89,100,2.82,RU,1704868994
204,strezhevoy,60.7333,77.5889,-16.69,89,100,4.92,RU,1704868995
205,miri,4.4148,114.0089,25.08,100,40,2.57,MY,1704868996
206,joshimath,30.5667,79.5667,15.05,9,0,3.26,IN,1704868998
207,wotho,10.1657,166.0102,27.09,80,37,9.84,MH,1704868999
208,la ronge,55.1001,-105.2842,-25.86,70,100,3.6,CA,1704869000
209,songkhla,6.8333,100.6667,32.03,73,73,4.72,TH,1704869001
210,page,36.9147,-111.4558,-2.61,65,0,0.45,US,1704868876
211,la'ie,21.6477,-157.9253,21.52,85,3,4.83,US,1704869003
212,saynshand,44.8824,110.1163,-5.75,78,85,4.09,MN,1704869004
213,poteau,35.0537,-94.6236,-1.2,86,0,1.54,US,1704869004
214,taro,-8.3862,115.28,26.59,78,93,1.18,ID,1704869005
215,hastings,50.8552,0.5729,-1.38,60,0,7.57,GB,1704869006
216,sandnessjoen,66.0217,12.6316,4.06,93,75,3.09,NO,1704869007
217,gunjur,13.2019,-16.7339,20.04,88,0,0.0,GM,1704869008
218,mount gambier,-37.8333,140.7667,20.44,57,6,3.82,AU,1704869009
219,zaoyang,32.1272,112.7542,9.92,43,100,2.01,CN,1704869009
220,antsiranana,-12.2787,49.2917,27.42,69,40,2.06,MG,1704869010
221,kununurra,-15.7667,128.7333,26.99,94,100,2.57,AU,1704869010
222,rossosh',51.1209,38.5116,-4.6,93,99,7.81,RU,1704869011
223,lompoc,34.6391,-120.4579,11.6,86,40,7.72,US,1704868769
224,titu,44.65,25.5333,-4.36,89,74,3.22,RO,1704869012
225,codrington,-38.2667,141.9667,19.16,67,0,6.13,AU,1704869013
226,chibougamau,49.9168,-74.3659,-11.21,92,100,8.23,CA,1704869014
227,mhango,-3.2833,32.85,21.9,79,53,1.49,TZ,1704870434
228,dunhua,43.3725,128.2425,-9.2,71,12,1.64,CN,1704870434
229,el jadid,33.2549,-8.506,15.19,95,20,2.36,MA,1704870435
230,polyarnyy,69.1989,33.4478,-10.24,95,100,2.66,RU,1704870435
231,talnakh,69.4865,88.3972,-17.95,95,100,4.22,RU,1704870436
232,guerrero negro,27.9769,-114.0611,15.06,50,100,6.97,MX,1704870330
233,kailua-kona,19.6406,-155.9956,22.5,89,75,7.72,US,1704870437
234,asau,46.4333,26.4,-18.49,70,0,2.24,RO,1704870438
235,laguna,38.421,-121.4238,7.59,91,100,3.09,US,1704870438
236,ghat,24.9647,10.1728,11.71,19,45,1.87,LY,1704870439
237,shakawe,-18.3667,21.85,26.01,65,76,1.97,BW,1704870440
238,tidjikja,18.5564,-11.4271,21.1,15,100,4.87,MR,1704871423
239,howard springs,-12.497,131.047,30.86,79,100,2.56,AU,1704871424
240,isangel,-19.55,169.2667,27.13,78,100,2.17,VU,1704871424
241,corner brook,48.9667,-57.9484,-9.91,86,94,2.83,CA,1704871425
242,glace bay,46.1969,-59.957,-7.26,81,75,1.34,CA,1704871425
243,minas de marcona,-15.2119,-75.1103,20.26,77,100,0.23,PE,1704871426
244,weno,7.4515,151.8468,29.97,70,75,3.6,FM,1704871426
245,verkhnyaya khava,51.8404,39.9413,-1.1,90,100,7.71,RU,1704871427
246,palmer,42.1584,-72.3287,8.48,93,100,3.09,US,1704871428
247,aral,40.5156,81.2636,2.71,29,18,1.53,CN,1704871428
248,tionk essil,12.7856,-16.5217,21.03,64,100,5.31,SN,1704871429
249,afaahiti,-17.75,-149.2833,24.93,78,79,7.77,PF,1704871430
250,tashtagol,52.7657,87.8894,-14.15,98,87,2.24,RU,1704871430
251,santiago de cao,-7.9589,-79.2392,22.07,88,75,2.57,PE,1704871431
252,tondano,1.3038,124.9112,28.05,64,100,1.54,ID,1704871431
253,vadso,70.0744,29.7487,-5.91,93,100,3.6,NO,1704871432
254,langarud,37.197,50.1535,9.03,87,100,3.07,IR,1704871433
255,bouca,6.5105,18.2733,25.57,15,6,1.83,CF,1704871433
256,marka,1.7159,44.7717,29.44,50,0,9.37,SO,1704871434
257,rongelap,11.1635,166.8941,26.86,84,10,10.53,MH,1704871434
258,derbent,42.0678,48.2899,0.51,68,100,2.02,RU,1704871435
259,lubang,13.8584,120.124,27.78,78,86,5.8,PH,1704871397
260,constantia,44.1833,28.65,-6.62,72,32,3.89,RO,1704871436
261,shalkar,47.8288,59.6258,-10.81,84,81,10.06,KZ,1704871437
262,lebu,-37.6167,-73.65,13.81,86,0,11.84,CL,1704871437
263,kayyerkan,69.3786,87.7439,-18.08,91,100,5.72,RU,1704871438
264,kargasok,59.0556,80.8572,-18.91,88,100,4.02,RU,1704871439
265,kutum,14.2,24.6667,19.23,37,0,5.32,SD,1704871439
266,olinda,-8.0089,-34.8553,27.85,74,40,1.54,BR,1704871440
267,makueni boma,-1.8041,37.6203,22.15,61,53,2.95,KE,1704871440
268,nueva gerona,21.8833,-82.8,24.66,88,100,4.26,CU,1704871441
269,kande,9.9578,1.0447,20.19,15,0,1.8,TG,1704871442
270,undurkhaan,47.3194,110.6556,-3.22,67,11,7.83,MN,1704871449
271,terbanggi besar,-4.8667,105.2333,30.98,65,98,3.79,ID,1704871449
272,dhidhdhoo,6.8833,73.1,28.08,71,100,1.84,MV,1704871282
273,khovd,48.0056,91.6419,-6.15,66,67,1.44,MN,1704871451
274,nadym,65.5333,72.5167,-24.24,98,100,4.08,RU,1704871451
275,hawkinsville,32.2838,-83.4721,6.01,68,6,7.82,US,1704871452
276,remire-montjoly,4.9167,-52.2667,25.02,94,75,0.51,GF,1704871453
277,brive-la-gaillarde,45.25,1.5,0.24,87,100,0.93,FR,1704871453
278,rabaul,-4.1967,152.1721,29.07,73,100,3.45,PG,1704871454
279,bozdogan,37.6713,28.314,7.34,94,100,2.31,TR,1704871455
280,murun-kuren,49.6342,100.1625,-9.87,57,0,7.52,MN,1704871456
281,chania,35.5122,24.0156,10.78,71,75,5.66,GR,1704871456
282,tinogasta,-28.0632,-67.5649,22.95,75,22,1.5,AR,1704871241
283,port isabel,26.0734,-97.2086,8.81,71,0,2.06,US,1704871458
284,farasan,16.7022,42.1183,25.94,63,0,9.92,SA,1704871458
285,metlili chaamba,32.2667,3.6333,8.52,17,0,1.54,DZ,1704871459
286,dizangue,3.7667,9.9833,26.39,81,10,0.22,CM,1704871460
287,uliastay,47.7417,96.8444,-4.5,78,100,0.31,MN,1704871460
288,ust'-uda,54.1742,103.0304,-14.51,83,100,4.83,RU,1704871461
289,luderitz,-26.6481,15.1594,17.28,81,0,6.94,NA,1704871462
290,khulm,36.6974,67.6983,16.64,23,98,4.17,AF,1704871462
291,hancheng,32.5186,112.3522,9.84,41,99,2.16,CN,1704871464
292,cuambog,7.3086,125.8481,33.02,61,100,1.54,PH,1704871464
293,tindouf,27.6711,-8.1474,8.25,36,54,2.06,DZ,1704871465
294,kirakira,-10.4544,161.9205,28.04,83,100,1.82,SB,1704871465
295,longonjo,-12.9067,15.2533,19.2,92,100,1.28,AO,1704871466
296,antigonish,45.6169,-61.9986,-6.85,86,31,1.62,CA,1704871467
297,forster,-32.1667,152.5167,27.38,74,17,3.54,AU,1704871467
298,ust-tsilma,65.441,52.1498,-29.66,100,96,0.89,RU,1704871468
299,iquique,-20.2208,-70.1431,20.02,72,100,2.21,CL,1704871320
300,princeville,45.7668,-61.2985,-7.53,85,100,1.54,CA,1704871469
301,amahai,-3.3333,128.9167,30.43,70,100,2.14,ID,1704871470
302,zabaykal'sk,49.6333,117.3167,-16.89,97,82,1.67,RU,1704871470
303,polovinnoye,54.7914,65.9864,-15.61,95,100,5.23,RU,1704871471
304,chui,-33.6971,-53.4616,19.62,94,11,2.7,UY,1704871472
305,nemuro,43.3236,145.575,-4.8,58,100,10.86,JP,1704871473
306,plettenberg bay,-34.0527,23.3716,19.3,95,100,2.77,ZA,1704871473
307,baiyin,36.5583,104.2081,5.47,17,81,4.95,CN,1704871474
308,walvis bay,-22.9575,14.5053,17.53,72,100,1.54,NA,1704871475
309,tura,25.5198,90.2201,21.9,32,0,2.87,IN,1704871475
310,boguchany,58.3814,97.4531,-17.3,86,100,4.47,RU,1704871476
311,teguise,29.0605,-13.564,15.12,94,0,4.12,ES,1704871477
312,shahrud,36.4182,54.9763,7.66,29,100,0.98,IR,1704871477
313,porto cristo,39.5395,3.333,9.24,67,100,3.44,ES,1704871478
314,maputo,-25.9653,32.5892,27.82,69,75,1.54,MZ,1704871320
315,westport,41.1415,-73.3579,11.76,90,100,7.72,US,1704871479
316,fort mcmurray,56.7268,-111.381,-28.27,69,100,4.12,CA,1704871480
317,happy valley-goose bay,53.3168,-60.3315,-18.83,55,20,6.69,CA,1704871481
318,bikenibeu village,1.3673,173.1241,28.98,79,75,2.57,KI,1704871481
319,puerto baquerizo moreno,-0.9,-89.6,24.48,83,57,4.75,EC,1704871482
320,tachov,49.7953,12.6337,-6.87,77,6,2.24,CZ,1704871482
321,hadibu,12.65,54.0333,23.96,72,6,8.49,YE,1704871483
322,kristiansund,63.1115,7.732,4.36,87,75,5.14,NO,1704871484
323,lihue,21.9789,-159.3672,19.57,79,75,3.09,US,1704871484
324,letlhakeng,-24.0944,25.0298,25.6,56,60,5.49,BW,1704871485
325,burabay,53.0838,70.3138,-2.88,95,100,6.07,KZ,1704871486
326,tshabong,-26.05,22.45,28.08,52,66,7.73,BW,1704871486
327,talodi,10.6325,30.3797,30.25,20,13,3.4,SD,1704871487
328,port-gentil,-0.7193,8.7815,27.98,89,75,4.12,GA,1704871488
329,sidi okba,34.7451,5.8983,9.16,49,0,2.06,DZ,1704871488
330,menaka,15.9182,2.4022,20.18,12,4,4.4,ML,1704871278
331,campos novos,-27.4017,-51.225,17.31,98,100,1.84,BR,1704871489
332,mccook,40.2019,-100.6257,-3.83,70,0,4.12,US,1704871490
333,oriximina,-1.7656,-55.8661,24.25,89,100,1.51,BR,1704871491
334,san antonio de pale,-1.4014,5.6325,27.35,77,100,6.56,GQ,1704871491
335,adra,36.7496,-3.0206,12.13,84,8,0.83,ES,1704871492
336,okhotsk,59.3833,143.3,-30.16,79,83,4.23,RU,1704871492
337,mo i rana,66.3128,14.1428,3.51,93,75,5.66,NO,1704871493
338,tabou,4.423,-7.3528,25.59,86,30,2.25,CI,1704871494
339,gojra,31.1487,72.6866,20.48,20,0,2.64,PK,1704871328
340,kerekegyhaza,46.9372,19.4781,-9.03,51,0,1.14,HU,1704871495
341,sisimiut,66.9395,-53.6735,-3.0,81,100,4.69,GL,1704871496
342,pallasovka,50.05,46.8833,-10.69,94,100,6.89,RU,1704871497
343,khawr fakkan,25.3313,56.342,24.03,37,0,1.77,AE,1704871497
344,san carlos centro,-31.7286,-61.0919,22.81,92,93,2.08,AR,1704871498
345,truth or consequences,33.1284,-107.2528,0.13,47,0,4.12,US,1704871499
346,xam nua,20.4197,104.0439,22.11,73,48,0.84,LA,1704871499
347,fale old settlement,-9.3852,-171.2468,29.71,67,12,4.37,TK,1704871500
348,villa ojo de agua,-29.5,-63.6938,20.63,98,100,5.94,AR,1704871501
349,atafu village,-8.5421,-172.5159,28.67,77,100,4.9,TK,1704871501
350,kuraymah,18.55,31.85,24.92,36,0,6.13,SD,1704871502
351,margate,51.3813,1.3862,1.52,73,0,1.79,GB,1704871283
352,ugoofaaru,5.6667,73.0,27.72,77,100,6.6,MV,1704871503
353,pariaman,-0.619,100.12,25.03,87,100,1.6,ID,1704871504
354,kerikeri,-35.2268,173.9474,21.06,75,61,3.09,NZ,1704871505
355,harper,4.375,-7.7169,24.29,92,37,0.98,LR,1704871506
356,vila franca do campo,37.7167,-25.4333,18.27,99,100,9.11,PT,1704871506
357,carutapera,-1.195,-46.02,25.55,86,60,2.87,BR,1704871507
358,portland,45.5234,-122.6762,3.02,94,100,6.71,US,1704870889
359,iturama,-19.7281,-50.1956,21.62,91,7,2.02,BR,1704871508
360,gizo,-8.103,156.8419,28.63,78,100,4.29,SB,1704871509
361,chonchi,-42.6128,-73.8092,8.4,95,0,1.21,CL,1704871509
362,tyukhtet,56.5389,89.3011,-19.98,92,43,3.38,RU,1704871510
363,nacozari de garcia,30.3742,-109.6908,3.37,24,0,1.19,MX,1704871510
364,pisco,-13.7,-76.2167,21.03,88,0,4.63,PE,1704871511
365,al 'amarah,31.8406,47.1396,17.59,45,0,8.09,IQ,1704871512
366,mermoz boabab,14.7065,-17.4758,21.88,88,0,4.12,SN,1704871513
367,kalmunai,7.4167,81.8167,27.11,83,100,5.29,LK,1704871513
368,ta'izz,13.5,44.0,17.55,29,6,3.91,YE,1704871278
369,porto novo,6.4965,2.6036,25.9,82,0,0.91,BJ,1704871514
370,saudarkrokur,65.7461,-19.6394,3.7,76,100,7.56,IS,1704871515
371,vytegra,61.0064,36.4481,-22.58,100,100,0.89,RU,1704871517
372,bandon,51.7469,-8.7425,0.77,89,7,5.36,IE,1704871517
373,zalingei,12.9096,23.4741,22.91,15,0,1.18,SD,1704871518
374,ajaccio,42.0,8.9167,6.12,92,100,2.57,FR,1704871519
375,jiazi,22.8779,116.067,24.76,34,0,4.25,CN,1704871519
376,al burayqah,30.4062,19.5739,16.2,72,73,5.31,LY,1704871520
377,klyuchi,52.2667,79.1667,-1.94,95,100,9.25,RU,1704871520
378,orangeburg,33.4918,-80.8557,10.84,62,75,8.75,US,1704871521
379,maceio,-9.6658,-35.7353,24.69,100,40,1.03,BR,1704871397
380,san andres,12.5847,-81.7006,27.01,83,20,2.06,CO,1704871522
381,kapuskasing,49.4169,-82.4331,-11.0,85,100,5.66,CA,1704871523
382,tsiombe,-25.3,45.4833,32.33,53,4,3.09,MG,1704871524
383,revda,56.801,59.9303,-26.23,99,100,1.93,RU,1704871524
384,fortaleza,-3.7227,-38.5247,29.09,73,75,3.6,BR,1704871530
385,beira,-19.8436,34.8389,31.05,79,75,2.57,MZ,1704871530
386,rabo de peixe,37.8,-25.5833,17.77,99,40,5.66,PT,1704871531
387,minab,27.1467,57.0801,21.74,41,62,1.28,IR,1704871532
388,benalla,-36.55,145.9833,29.06,35,5,3.46,AU,1704871017
389,nema,57.5067,50.5011,-26.98,99,74,2.37,RU,1704871533
390,mili,6.0815,171.735,27.64,79,100,9.8,MH,1704871533
391,jieshou,33.2634,115.3611,7.75,38,0,2.16,CN,1704871534
392,banda aceh,5.5577,95.3222,27.53,77,96,8.28,ID,1704871535
393,peace river,56.2501,-117.286,-25.83,69,75,2.57,CA,1704871535
394,fort-shevchenko,44.5086,50.263,-2.87,71,94,6.28,KZ,1704871536
395,veinticinco de mayo,-35.4323,-60.1727,17.77,91,0,1.79,AR,1704871537
396,quellon,-43.1167,-73.6167,8.78,75,2,4.38,CL,1704871537
397,sitia,35.2,26.0986,13.32,76,79,14.02,GR,1704871330
398,richards bay,-28.783,32.0377,28.72,62,13,2.11,ZA,1704871539
399,smedjebacken,60.1418,15.4142,1.21,95,99,1.68,SE,1704871539
400,si racha,13.1737,100.9311,35.26,78,1,4.36,TH,1704871540
401,sao miguel do tapuio,-5.5036,-41.3233,22.82,79,70,1.52,BR,1704871540
402,progreso,21.2833,-89.6667,21.17,67,100,4.67,MX,1704871541
403,trairi,-3.2778,-39.2689,26.77,77,64,3.66,BR,1704871542
404,caazapa,-26.15,-56.4,24.55,75,59,1.66,PY,1704871542
405,shakhun'ya,57.6758,46.6114,-25.25,100,95,1.83,RU,1704871543
406,el charco,2.4769,-78.1105,23.54,97,65,1.23,CO,1704871543
407,kamaishi,39.2667,141.8833,0.96,53,4,4.6,JP,1704871544
408,roma,43.2128,-75.4557,4.18,93,100,4.63,US,1704871266
409,tres arroyos,-38.3739,-60.2798,12.29,73,52,3.13,AR,1704871545
410,dudinka,69.4058,86.1778,-18.51,80,100,3.58,RU,1704871546
411,port augusta,-32.5,137.7667,28.23,37,0,8.8,AU,1704871547
412,sinop,41.7711,34.8709,1.24,95,100,2.07,TR,1704871547
413,salavan,15.7167,106.4167,35.12,32,5,0.9,LA,1704871548
414,kiama,-34.6833,150.8667,26.93,77,54,3.13,AU,1704871548
415,cill airne,52.05,-9.5167,-2.97,93,0,2.06,IE,1704871549
416,cidreira,-30.1811,-50.2056,22.51,95,40,4.57,BR,1704871550
417,port alfred,-33.5906,26.891,23.43,97,100,1.34,ZA,1704871550
418,hakui,36.8833,136.7833,4.54,71,73,4.41,JP,1704871551
419,betio village,1.358,172.9211,29.02,76,65,3.69,KI,1704871552
420,kidal,18.4411,1.4078,19.08,13,42,4.88,ML,1704871552
421,cricova,47.1389,28.8619,-11.2,77,2,4.22,MD,1704871553
422,tongouson,5.0214,120.1328,28.59,72,60,1.3,PH,1704871553
423,lossiemouth,57.7214,-3.2834,0.12,93,75,3.09,GB,1704871554
424,mount isa,-20.7333,139.5,30.87,55,40,6.17,AU,1704871555
425,seven pagodas,12.6264,80.1722,29.03,67,97,5.47,IN,1704871555
426,ontario,34.0633,-117.6509,7.4,60,0,2.06,US,1704871510
427,nosy varika,-20.5833,48.5333,26.63,81,84,2.22,MG,1704871556
428,baganga,7.5739,126.56,29.21,70,98,3.17,PH,1704871557
429,saint-joseph,-21.3667,55.6167,29.21,71,99,5.54,RE,1704871558
430,ishpeming,46.4885,-87.6676,-2.55,93,100,6.89,US,1704871558
431,luganville,-15.5333,167.1667,27.88,78,98,1.35,VU,1704871559
432,reggane,26.7158,0.1714,15.04,14,100,3.27,DZ,1704871559
433,madalena,41.2162,-8.3345,7.35,99,100,0.69,PT,1704871560
434,bamboo flat,11.7,92.7167,30.05,62,100,4.63,IN,1704871561
435,boende,-0.2167,20.8667,26.69,65,95,0.91,CD,1704871561
436,nguigmi,14.2495,13.1092,19.43,16,0,4.7,NE,1704871562
437,prince rupert,54.3161,-130.3201,-0.95,100,75,3.6,CA,1704871563
438,namtsy,62.7161,129.6658,-44.72,99,98,1.56,RU,1704871563
439,wau,7.7029,27.9953,30.09,18,100,3.83,SS,1704871564
440,fort bragg,35.139,-79.006,11.08,73,75,8.75,US,1704871565
441,katol,21.2667,78.5833,28.71,30,19,1.93,IN,1704871565
442,russkaya polyana,49.417,31.9201,-4.14,90,100,5.87,UA,1704871566
443,cambria,35.5641,-121.0808,10.29,87,69,0.89,US,1704871389
444,lobujya,27.95,86.8167,-6.66,33,0,2.96,NP,1704871567
445,geraldton,-28.7667,114.6,28.23,51,2,9.26,AU,1704871568
446,bangkalan,-7.0455,112.7351,31.97,61,26,3.32,ID,1704871417
447,uzundere,40.5301,41.5584,3.69,97,100,1.31,TR,1704871569
448,den burg,53.0542,4.7972,-1.55,61,9,5.66,NL,1704871570
449,nhamunda,-2.1861,-56.7131,23.34,94,100,1.03,BR,1704871571
450,el calafate,-50.3408,-72.2768,6.0,83,98,3.74,AR,1704871572
451,naracoorte,-36.9579,140.7383,24.77,41,0,6.28,AU,1704871573
452,kasama,-10.2129,31.1808,19.44,93,100,1.61,ZM,1704871573
453,ulsteinvik,62.3432,5.8487,3.11,90,98,0.89,NO,1704871574
454,opuwo,-18.0607,13.84,21.76,32,99,1.47,NA,1704871575
455,al ghayzah,16.2079,52.176,24.91,35,5,1.27,YE,1704871575
456,sampit,-2.5333,112.95,30.37,77,92,0.97,ID,1704871576
457,ha'il,27.5219,41.6907,18.01,34,0,7.2,SA,1704871577
458,peniche,39.3558,-9.3811,10.49,72,84,3.0,PT,1704871579
459,novoishimskiy,53.1981,66.7694,-14.1,95,100,5.0,KZ,1704871580
460,raja,8.4596,25.678,27.3,19,5,3.28,SS,1704871580
461,emerald,-23.5333,148.1667,29.08,72,100,4.0,AU,1704871581
462,yoichi,43.2039,140.7703,-5.82,77,100,8.55,JP,1704871581
463,san jose,37.3394,-121.895,7.0,80,0,2.06,US,1704871442
464,ulety,51.3572,112.4849,-8.48,85,100,4.41,RU,1704871583
465,eforie sud,44.0229,28.6494,-6.55,72,70,6.7,RO,1704871584
466,puerto berrio,6.4916,-74.4033,22.91,97,99,0.96,CO,1704871585
467,hami,42.8,93.45,0.57,42,41,0.63,CN,1704871585
468,galveston,29.3669,-94.9669,6.6,70,0,2.57,US,1704871586
469,anna,51.4842,40.4299,-5.45,92,99,7.86,RU,1704871586
470,al muwayh,22.4333,41.7583,17.88,15,38,5.33,SA,1704871587
471,luorong,24.4058,109.6086,18.81,62,84,4.41,CN,1704871588
472,turgutlu,38.4953,27.6997,6.86,97,100,2.43,TR,1704871588
473,sarangani,5.4033,125.4636,28.21,78,46,7.8,PH,1704871589
474,brookhaven,31.5791,-90.4407,0.45,86,0,2.25,US,1704871413
475,leava,-14.3,-178.1667,29.03,78,100,4.69,WF,1704871590
476,kalengwa,-13.4659,25.0027,19.41,95,100,0.96,ZM,1704871591
477,seminole,28.7086,-81.2081,15.04,84,100,6.69,US,1704871591
478,torbat-e jam,35.244,60.6225,12.75,24,8,4.47,IR,1704871592
479,barbate,36.1924,-5.9219,12.21,90,45,2.33,ES,1704871593
480,kamyanyets,52.4001,23.81,-8.03,92,19,4.19,BY,1704871593
481,cao bang,22.6667,106.25,17.11,88,100,1.12,VN,1704871594
482,dunedin,-45.8742,170.5036,12.67,91,100,1.79,NZ,1704871595
483,hasaki,35.7333,140.8333,11.22,59,100,6.71,JP,1704871595
484,farafangana,-22.8167,47.8333,27.63,67,56,3.84,MG,1704871596
485,kargopol',61.5071,38.9456,-20.6,100,91,1.66,RU,1704871597
486,nova vicosa,-17.8919,-39.3719,23.96,89,100,3.5,BR,1704871597
487,christchurch,-43.5333,172.6333,18.34,80,100,8.23,NZ,1704871127
488,las heras,-46.5419,-68.9359,8.95,52,100,5.87,AR,1704871164
489,ierapetra,35.01,25.7353,13.41,64,8,4.02,GR,1704871599
490,petrolina de goias,-16.095,-49.3381,21.61,94,100,0.8,BR,1704871600
491,ridder,50.355,83.5133,-1.04,95,100,3.9,KZ,1704871600
492,kill devil hills,36.0307,-75.676,12.15,82,0,9.26,US,1704871601
493,sunzha,43.3211,45.0522,-3.62,88,36,1.34,RU,1704871602
494,las toscas,-28.3529,-59.258,23.25,77,58,4.02,AR,1704871602
495,mhamid,29.82,-5.72,10.09,34,0,0.74,MA,1704871603
496,sinjai,-5.1241,120.253,30.31,70,87,3.73,ID,1704871603
497,overijse,50.7751,4.5372,-7.09,80,0,2.57,BE,1704871604
498,nabire,-3.3667,135.4833,29.08,76,100,1.87,ID,1704871610
499,vernon,50.2581,-119.2691,0.77,88,100,0.45,CA,1704871611
500,robertsport,6.7533,-11.3686,26.11,82,14,2.44,LR,1704871611
501,luanco,43.6152,-5.7934,7.19,95,100,1.37,ES,1704871612
502,riohacha,11.5444,-72.9072,26.19,81,31,5.79,CO,1704871613
503,joao pinheiro,-17.7425,-46.1725,19.54,96,100,1.32,BR,1704871397
504,nushki,29.5542,66.0215,14.6,20,0,1.6,PK,1704871614
505,mostaganem,35.9311,0.0892,13.02,80,100,3.87,DZ,1704871615
506,coquimbo,-29.9533,-71.3436,14.85,94,0,2.57,CL,1704871615
507,bintulu,3.1667,113.0333,32.23,74,20,5.14,MY,1704871616
508,bukama,-9.2,25.85,22.63,95,100,0.37,CD,1704871617
509,lethem,3.3803,-59.7968,24.2,85,35,4.17,GY,1704871617
510,caleta de carquin,-11.0925,-77.6267,21.94,88,100,2.7,PE,1704871618
511,matoury,4.8483,-52.3317,24.98,94,75,0.51,GF,1704871619
512,nelson bay,-32.7167,152.15,27.15,79,0,4.92,AU,1704871620
513,morehead city,34.7229,-76.726,12.69,80,40,10.8,US,1704871620
514,santana,-0.0583,-51.1817,23.59,96,77,2.05,BR,1704871621
515,fisterra,42.9049,-9.2629,7.64,80,100,6.22,ES,1704871622
516,yamada,39.4667,141.95,0.95,52,3,3.62,JP,1704871622
517,bechar,31.6167,-2.2167,3.18,30,4,0.0,DZ,1704871623
518,san patricio,28.017,-97.5169,6.92,39,96,2.94,US,1704871623
519,wamba,8.9333,8.6,23.62,13,0,0.75,NG,1704871624
520,tarko-sale,64.9225,77.785,-21.24,97,100,5.01,RU,1704871625
521,el sauzal de rodriguez,31.9,-116.6833,10.7,60,92,0.94,MX,1704871625
522,kiffa,16.6166,-11.4045,22.13,14,100,3.72,MR,1704871626
523,barrie,44.4001,-79.6663,3.75,72,100,2.68,CA,1704871622
524,oranjemund,-28.55,16.4333,19.02,76,100,4.49,NA,1704871627
525,karratha,-20.7377,116.8463,38.27,31,6,9.05,AU,1704871628
526,mezhdurechenskiy,59.6,65.9333,-21.02,98,99,2.0,RU,1704871628
527,quepos,9.4236,-84.1652,25.47,87,14,1.4,CR,1704871629
528,ndioum,16.5129,-14.6471,18.94,13,100,2.68,SN,1704871524
529,horta,38.5333,-28.6333,12.79,94,40,2.06,PT,1704871631
530,sarupathar,26.1984,93.8094,24.12,42,0,2.15,IN,1704871632
531,susuman,62.7833,148.1667,-36.68,99,100,0.89,RU,1704871633
532,sao jose da tapera,-9.5583,-37.3811,23.99,84,6,2.12,BR,1704871633
533,upington,-28.4478,21.2561,26.21,61,20,2.57,ZA,1704871634
534,kapsan-up,41.0903,128.2933,-5.26,65,0,0.49,KP,1704871635
535,riberalta,-10.9833,-66.1,22.44,96,100,1.2,BO,1704871636
536,la palma,33.8464,-118.0467,8.82,78,0,0.0,US,1704871636
537,machico,32.7,-16.7667,18.49,87,40,2.57,PT,1704871637
538,berrahal,36.8353,7.4533,6.85,69,100,2.9,DZ,1704871638
539,kolonia town,6.964,158.206,30.0,79,75,4.63,FM,1704871638
540,cadale,2.7603,46.3222,27.96,60,6,10.47,SO,1704871525
541,olyokminsk,60.3736,120.4264,-18.26,99,100,0.5,RU,1704871640
542,porto,41.1496,-8.611,8.53,97,20,4.12,PT,1704871501
543,tromso,69.6496,18.957,4.01,81,75,5.66,NO,1704871641
544,shabqadar,34.2139,71.5552,15.12,15,0,0.84,PK,1704871641
545,zarate,-34.0981,-59.0286,21.32,58,0,1.26,AR,1704871642
546,dudley park,-34.8801,138.5794,27.53,49,3,9.26,AU,1704871643
